{"HLA-A*02:01": 0.5552409130583961, "HLA-A*03:01": 0.4955139727872223, "HLA-A*11:01": 0.49967627123450165, "HLA-A*01:01": 0.4044166095363638, "HLA-A*24:02": 0.5572731909933889, "HLA-A*68:02": 0.36303358934986085, "HLA-A*29:02": 0.6930785587992497, "HLA-A*02:03": 0.5065762285197817, "HLA-A*31:01": 0.4018193122349992, "HLA-B*07:02": 0.6326289153405362, "HLA-B*40:02": 0.8248316052109983, "HLA-B*15:01": 0.5427906933116127, "HLA-B*08:01": 0.5257177793493122, "HLA-B*40:01": 0.5176384288399906, "HLA-B*58:01": 0.4230012542753376, "HLA-B*44:02": 0.669877833832858, "HLA-B*51:01": 0.563616955860551, "HLA-C*12:02": 0.8308647209408225, "HLA-C*05:01": 0.8847917842597101, "HLA-C*16:01": 0.8832141460973134, "HLA-C*08:02": 0.9111485380469074, "HLA-C*15:02": 0.8958112594372118, "HLA-C*06:02": 0.838549060992344, "HLA-C*07:01": 0.7506029798106543, "HLA-C*03:03": 0.8768941842282276, "HLA-C*03:04": 0.9082184646957475, "HLA-C*14:02": 0.902637636740493}